source_file,line,matched_text,surface_form,target_family,target_file,target_anchor,confidence,applied,reason,context
guides/systems/bgs.html,133,Federal Corvette,federal corvette,ship-dossier,ships/dossiers/federal-corvette-multipurpose.html,,0.78,yes,role=multipurpose,", earned by working for their aligned factions — this is what eventually unlocks rank-gated ships like the Federal Corve"
guides/systems/bgs.html,133,Imperial Cutter,imperial cutter,ship-dossier,ships/dossiers/imperial-cutter-multipurpose.html,,0.78,yes,role=multipurpose,", earned by working for their aligned factions — this is what eventually unlocks rank-gated ships like the Federal Corve"
guides/systems/bgs.html,176,Sidewinder,sidewinder,ship-dossier,ships/dossiers/sidewinder-mk-i-combat.html,,0.75,yes,role=combat alias,"You can affect the BGS in a loaner Sidewinder, on foot in a starter suit, with zero engineering and no Elite rank. What "
guides/systems/bgs.html,251,Kill Warrant Scanner,kill warrant scanner,module,engineering/modules.html,module-scanners,0.85,yes,ambig->module (default),Kill Warrant Scanner
guides/systems/bgs.html,264,Cutter,cutter,ship-dossier,ships/dossiers/imperial-cutter-ax.html,,0.82,yes,role=ax alias,"(""Cutter tax""): if demand is under ~4× your hold, your sell price is docked. Carry several high-profit goods rather than"
guides/systems/bgs.html,383,refinery,refinery,module,engineering/modules.html,module-refinery,0.85,yes,ambig->module (default),(industrial/refinery systems in expansion offer allied Commanders mineral source-return missions worth up to
guides/systems/cmdrs-lexicon.html,87,FSD,fsd,module,engineering/modules.html,module-frame-shift-drive,0.85,yes,ambig->module (default),FSD
guides/systems/cmdrs-lexicon.html,115,Federation,federation,superpower,systems/superpower-rank.html,superpower-fed,0.6,no,superpower (no rank ctx),Federation capital
guides/systems/cmdrs-lexicon.html,160,FSD,fsd,module,engineering/modules.html,module-frame-shift-drive,0.85,yes,ambig->module (default),FSD / Frame Shift Drive
guides/systems/cmdrs-lexicon.html,160,Frame Shift Drive,frame shift drive,module,engineering/modules.html,module-frame-shift-drive,0.85,yes,ambig->module (default),FSD / Frame Shift Drive
guides/systems/cmdrs-lexicon.html,161,Fuel Scoop,fuel scoop,module,engineering/modules.html,module-fuel-scoop,0.85,yes,ambig->module (default),Fuel Scoop
guides/systems/cmdrs-lexicon.html,164,FSD,fsd,module,engineering/modules.html,module-frame-shift-drive,0.85,yes,ambig->module (default),FSD travel
guides/systems/cmdrs-lexicon.html,166,FSD,fsd,module,engineering/modules.html,module-frame-shift-drive,0.85,yes,ambig->module (default),supercharge FSD range
guides/systems/cmdrs-lexicon.html,166,FSD,fsd,module,engineering/modules.html,module-frame-shift-drive,0.85,yes,ambig->module (default),"at a neutron star, a smaller, riskier boost at a white dwarf — at the cost of FSD damage. An"
guides/systems/cmdrs-lexicon.html,171,FSD,fsd,module,engineering/modules.html,module-frame-shift-drive,0.85,yes,ambig->module (default),out of FSD charge
guides/systems/cmdrs-lexicon.html,174,FSD,fsd,module,engineering/modules.html,module-frame-shift-drive,0.85,yes,ambig->module (default),A recent FSD mode (Update 18) for
guides/systems/cmdrs-lexicon.html,193,Shield Cell Bank,shield cell bank,module,engineering/modules.html,module-shield-cell-bank,0.85,yes,ambig->module (default),Shield Cell Bank
guides/systems/cmdrs-lexicon.html,196,Chaff,chaff,module,engineering/modules.html,module-countermeasures,0.85,yes,module,Chaff
guides/systems/cmdrs-lexicon.html,197,Countermeasures,countermeasures,module,engineering/modules.html,module-countermeasures,0.85,yes,module,ECM / Electronic Countermeasures
guides/systems/cmdrs-lexicon.html,200,reinforced,reinforced,blueprint,engineering/blueprints.html,blueprint-life-support-reinforced,0.5,no,blueprint generic (log only),reinforced hull
guides/systems/cmdrs-lexicon.html,202,KWS,kws,module,engineering/modules.html,module-scanners,0.85,yes,module,KWS / Kill Warrant Scanner
guides/systems/cmdrs-lexicon.html,202,Kill Warrant Scanner,kill warrant scanner,module,engineering/modules.html,module-scanners,0.85,yes,ambig->module (default),KWS / Kill Warrant Scanner
guides/systems/cmdrs-lexicon.html,204,Plasma,plasma,module,engineering/modules.html,module-plasma,0.65,no,weapon-category adj (soft),Plasma Ram
guides/systems/cmdrs-lexicon.html,206,SCB,scb,module,engineering/modules.html,module-shield-cell-bank,0.85,yes,module,SCB / Shield Cell Bank
guides/systems/cmdrs-lexicon.html,206,Shield Cell Bank,shield cell bank,module,engineering/modules.html,module-shield-cell-bank,0.85,yes,ambig->module (default),SCB / Shield Cell Bank
guides/systems/cmdrs-lexicon.html,207,sensors,sensors,module,engineering/modules.html,module-sensors,0.85,yes,ambig->module (default),hide from sensors
guides/systems/cmdrs-lexicon.html,242,Xeno,xeno,module,engineering/modules.html,module-xeno,0.85,yes,module,Xeno
guides/systems/cmdrs-lexicon.html,242,xeno,xeno,module,engineering/modules.html,module-xeno,0.85,yes,module,"— anti-xeno, xeno scanner, and so on."
guides/systems/cmdrs-lexicon.html,280,AFMU,afmu,module,engineering/modules.html,module-afmu,0.85,yes,module,AFMU
guides/systems/cmdrs-lexicon.html,280,Auto Field-Maintenance Unit,auto field-maintenance unit,module,engineering/modules.html,module-afmu,0.85,yes,module,Auto Field-Maintenance Unit
guides/systems/cmdrs-lexicon.html,281,power plant,power plant,module,engineering/modules.html,module-power-plant,0.85,yes,ambig->module (default),"ship slots: power plant, thrusters, FSD, life support, distributor, sensors, fuel tank."
guides/systems/cmdrs-lexicon.html,281,thrusters,thrusters,module,engineering/modules.html,module-thrusters,0.85,yes,ambig->module (default),"ship slots: power plant, thrusters, FSD, life support, distributor, sensors, fuel tank."
guides/systems/cmdrs-lexicon.html,281,FSD,fsd,module,engineering/modules.html,module-frame-shift-drive,0.85,yes,ambig->module (default),"ship slots: power plant, thrusters, FSD, life support, distributor, sensors, fuel tank."
guides/systems/cmdrs-lexicon.html,281,life support,life support,module,engineering/modules.html,module-life-support,0.85,yes,ambig->module (default),"ship slots: power plant, thrusters, FSD, life support, distributor, sensors, fuel tank."
guides/systems/cmdrs-lexicon.html,281,sensors,sensors,module,engineering/modules.html,module-sensors,0.85,yes,ambig->module (default),"ship slots: power plant, thrusters, FSD, life support, distributor, sensors, fuel tank."
guides/systems/cmdrs-lexicon.html,281,fuel tank,fuel tank,module,engineering/modules.html,module-fuel-tank,0.85,yes,module,"ship slots: power plant, thrusters, FSD, life support, distributor, sensors, fuel tank."
guides/systems/cmdrs-lexicon.html,282,Dirty Drives,dirty drives,blueprint,engineering/blueprints.html,blueprint-thrusters-dirty-drive-tuning,0.85,yes,blueprint (curated alias),Dirty Drives (DD)
guides/systems/cmdrs-lexicon.html,282,Dirty Drive Tuning,dirty drive tuning,blueprint,engineering/blueprints.html,blueprint-thrusters-dirty-drive-tuning,0.85,yes,blueprint (curated alias),Dirty Drive Tuning
guides/systems/cmdrs-lexicon.html,283,Power Distributor,power distributor,module,engineering/modules.html,module-power-distributor,0.85,yes,ambig->module (default),Distro / Power Distributor
guides/systems/cmdrs-lexicon.html,287,FSD Booster,fsd booster,module,engineering/modules.html,module-guardian-fsd-booster,0.85,yes,module,FSD Booster
guides/systems/cmdrs-lexicon.html,288,material grades,material grades,material-section,engineering/materials.html,section-grades,0.6,no,material (coarse),(the term also covers material grades). See
guides/systems/cmdrs-lexicon.html,289,Dirty Drives,dirty drives,blueprint,engineering/blueprints.html,blueprint-thrusters-dirty-drive-tuning,0.85,yes,blueprint (curated alias),Grade-5 Dirty Drives
guides/systems/cmdrs-lexicon.html,291,Long Range,long range,blueprint,engineering/blueprints.html,blueprint-sensors-long-range,0.5,no,blueprint generic (log only),LR / Long Range
guides/systems/cmdrs-lexicon.html,292,Material Trader,material trader,material-section,engineering/materials.html,section-trader,0.6,no,material (coarse),Mat Trader / Material Trader
guides/systems/cmdrs-lexicon.html,294,MRP,mrp,module,engineering/modules.html,module-module-reinforcement,0.85,yes,module,MRP
guides/systems/cmdrs-lexicon.html,294,Module Reinforcement,module reinforcement,module,engineering/modules.html,module-module-reinforcement,0.85,yes,module,Module Reinforcement Package
guides/systems/cmdrs-lexicon.html,295,scanners,scanners,module,engineering/modules.html,module-scanners,0.85,yes,module,"internal slots — cargo, shields, SCBs, scanners and the rest."
guides/systems/cmdrs-lexicon.html,297,shield generator,shield generator,module,engineering/modules.html,module-shield-generator,0.85,yes,ambig->module (default),shield generator
guides/systems/cmdrs-lexicon.html,298,AFMU,afmu,module,engineering/modules.html,module-afmu,0.85,yes,module,"ammo, fuel, AFMU refills and SRV repairs from raw materials. See"
guides/systems/cmdrs-lexicon.html,298,raw materials,raw materials,material-section,engineering/materials.html,section-raw,0.6,no,material (coarse),"ammo, fuel, AFMU refills and SRV repairs from raw materials. See"
guides/systems/cmdrs-lexicon.html,301,chaff,chaff,module,engineering/modules.html,module-countermeasures,0.85,yes,module,"chaff, heatsinks, scanners and point defence"
guides/systems/cmdrs-lexicon.html,301,scanners,scanners,module,engineering/modules.html,module-scanners,0.85,yes,module,"chaff, heatsinks, scanners and point defence"
guides/systems/cmdrs-lexicon.html,301,point defence,point defence,module,engineering/modules.html,module-countermeasures,0.85,yes,ambig->module (default),"chaff, heatsinks, scanners and point defence"
guides/systems/cmdrs-lexicon.html,311,scanners,scanners,module,engineering/modules.html,module-scanners,0.85,yes,module,"The long black — scanners, body classes and the genetic-sampling trade. Deep dive:"
guides/systems/cmdrs-lexicon.html,319,DSS,dss,module,engineering/modules.html,module-detailed-surface-scanner,0.85,yes,module,DSS / Detailed Surface Scanner
guides/systems/cmdrs-lexicon.html,319,Detailed Surface Scanner,detailed surface scanner,module,engineering/modules.html,module-detailed-surface-scanner,0.85,yes,ambig->module (default),DSS / Detailed Surface Scanner
guides/systems/cmdrs-lexicon.html,346,Empire,empire,superpower,systems/superpower-rank.html,superpower-emp,0.6,no,superpower (no rank ctx),Empire / Imps
guides/systems/cmdrs-lexicon.html,346,Imperial,imperial,superpower,systems/superpower-rank.html,superpower-emp,0.6,no,superpower (no rank ctx),Imperial
guides/systems/cmdrs-lexicon.html,347,Federation,federation,superpower,systems/superpower-rank.html,superpower-fed,0.6,no,superpower (no rank ctx),Federation / Feds
guides/systems/cmdrs-lexicon.html,347,Federal,federal,superpower,systems/superpower-rank.html,superpower-fed,0.6,no,superpower (no rank ctx),Federal
guides/systems/cmdrs-lexicon.html,352,Aisling Duval,aisling duval,powerplay,systems/powerplay.html,powerplay-aisling-duval,0.9,yes,power,"you pledge to in Powerplay (Aisling Duval, Zachary Hudson and others). See"
guides/systems/cmdrs-lexicon.html,353,Cannon,cannon,blueprint-group,engineering/blueprints.html,blueprint-group-cannon,0.8,yes,blueprint group,"(Pacifier Frag Cannon),"
guides/systems/cmdrs-lexicon.html,353,Imperial,imperial,superpower,systems/superpower-rank.html,superpower-emp,0.6,no,superpower (no rank ctx),"(Imperial Hammer),"
guides/systems/cmdrs-lexicon.html,353,Grom,grom,powerplay,systems/powerplay.html,powerplay-yuri-grom,0.82,yes,power,Grom Bomb
guides/systems/cmdrs-lexicon.html,395,AspX,aspx,ship-dossier,ships/dossiers/asp-explorer-multipurpose.html,,0.75,yes,role=multipurpose alias,AspX
guides/systems/cmdrs-lexicon.html,395,Asp Explorer,asp explorer,ship-dossier,ships/dossiers/asp-explorer-multipurpose.html,,0.78,yes,role=multipurpose,Asp Explorer
guides/systems/cmdrs-lexicon.html,396,Asp Scout,asp scout,ship-dossier,ships/dossiers/asp-scout-exploration.html,,0.78,yes,role=exploration,Asp Scout
guides/systems/cmdrs-lexicon.html,397,Alliance Challenger,alliance challenger,ship-dossier,ships/dossiers/alliance-challenger-combat.html,,0.78,yes,role=combat,Alliance Challenger
guides/systems/cmdrs-lexicon.html,397,Alliance,alliance,superpower,systems/superpower-rank.html,superpower-all,0.6,no,superpower (no rank ctx),— the tankiest of the Alliance trio.
guides/systems/cmdrs-lexicon.html,398,Alliance Chieftain,alliance chieftain,ship-dossier,ships/dossiers/alliance-chieftain-combat.html,,0.78,yes,role=combat,Alliance Chieftain
guides/systems/cmdrs-lexicon.html,399,Conda,conda,ship-dossier,ships/dossiers/anaconda-multipurpose.html,,0.75,yes,role=multipurpose alias,Conda
guides/systems/cmdrs-lexicon.html,399,Anaconda,anaconda,ship-dossier,ships/dossiers/anaconda-multipurpose.html,,0.78,yes,role=multipurpose,Anaconda
guides/systems/cmdrs-lexicon.html,400,Corvette,corvette,ship-dossier,ships/dossiers/federal-corvette-multipurpose.html,,0.75,yes,role=multipurpose alias,Corvette / Vette
guides/systems/cmdrs-lexicon.html,400,Vette,vette,ship-dossier,ships/dossiers/federal-corvette-multipurpose.html,,0.75,yes,role=multipurpose alias,Corvette / Vette
guides/systems/cmdrs-lexicon.html,400,Federal Corvette,federal corvette,ship-dossier,ships/dossiers/federal-corvette-multipurpose.html,,0.78,yes,role=multipurpose,Federal Corvette
guides/systems/cmdrs-lexicon.html,400,Federal,federal,superpower,systems/superpower-rank.html,superpower-fed,0.6,no,superpower (no rank ctx),— the Federal capital-grade combat ship.
guides/systems/cmdrs-lexicon.html,401,Cutter,cutter,ship-dossier,ships/dossiers/imperial-cutter-multipurpose.html,,0.75,yes,role=multipurpose alias,Cutter
guides/systems/cmdrs-lexicon.html,401,Imperial Cutter,imperial cutter,ship-dossier,ships/dossiers/imperial-cutter-multipurpose.html,,0.78,yes,role=multipurpose,Imperial Cutter
guides/systems/cmdrs-lexicon.html,401,Imperial,imperial,superpower,systems/superpower-rank.html,superpower-emp,0.6,no,superpower (no rank ctx),"— the Imperial flagship, fast and huge."
guides/systems/cmdrs-lexicon.html,402,DBX,dbx,ship-dossier,ships/dossiers/diamondback-explorer-multipurpose.html,,0.75,yes,role=multipurpose alias,DBX
guides/systems/cmdrs-lexicon.html,402,Diamondback Explorer,diamondback explorer,ship-dossier,ships/dossiers/diamondback-explorer-multipurpose.html,,0.78,yes,role=multipurpose,Diamondback Explorer
guides/systems/cmdrs-lexicon.html,403,DBS,dbs,ship-dossier,ships/dossiers/diamondback-scout-combat.html,,0.75,yes,role=combat alias,DBS
guides/systems/cmdrs-lexicon.html,403,Diamondback Scout,diamondback scout,ship-dossier,ships/dossiers/diamondback-scout-combat.html,,0.78,yes,role=combat,Diamondback Scout
guides/systems/cmdrs-lexicon.html,404,FAS,fas,ship-dossier,ships/dossiers/federal-assault-ship-combat.html,,0.75,yes,role=combat alias,FAS
guides/systems/cmdrs-lexicon.html,404,Federal Assault Ship,federal assault ship,ship-dossier,ships/dossiers/federal-assault-ship-combat.html,,0.78,yes,role=combat,Federal Assault Ship
guides/systems/cmdrs-lexicon.html,404,Federal,federal,superpower,systems/superpower-rank.html,superpower-fed,0.6,no,superpower (no rank ctx),— the hard-hitting Federal medium.
guides/systems/cmdrs-lexicon.html,405,FDL,fdl,ship-dossier,ships/dossiers/fer-de-lance-combat.html,,0.75,yes,role=combat alias,FDL
guides/systems/cmdrs-lexicon.html,405,Fer-de-Lance,fer-de-lance,ship-dossier,ships/dossiers/fer-de-lance-combat.html,,0.78,yes,role=combat,Fer-de-Lance
guides/systems/cmdrs-lexicon.html,406,FDS,fds,ship-dossier,ships/dossiers/federal-dropship-combat.html,,0.75,yes,role=combat alias,FDS
guides/systems/cmdrs-lexicon.html,406,Federal Dropship,federal dropship,ship-dossier,ships/dossiers/federal-dropship-combat.html,,0.78,yes,role=combat,Federal Dropship
guides/systems/cmdrs-lexicon.html,406,Federal,federal,superpower,systems/superpower-rank.html,superpower-fed,0.6,no,superpower (no rank ctx),— the Federal medium combat/transport base.
guides/systems/cmdrs-lexicon.html,407,FGS,fgs,ship-dossier,ships/dossiers/federal-gunship-combat.html,,0.75,yes,role=combat alias,FGS
guides/systems/cmdrs-lexicon.html,407,Federal Gunship,federal gunship,ship-dossier,ships/dossiers/federal-gunship-combat.html,,0.78,yes,role=combat,Federal Gunship
guides/systems/cmdrs-lexicon.html,407,Federal,federal,superpower,systems/superpower-rank.html,superpower-fed,0.6,no,superpower (no rank ctx),— the turret-heavy Federal brawler.
guides/systems/cmdrs-lexicon.html,408,Krait,krait,ship-dossier,ships/dossiers/krait-mk-ii-multipurpose.html,,0.75,yes,role=multipurpose alias,Krait / K2
guides/systems/cmdrs-lexicon.html,408,Krait Mk II,krait mk ii,ship-dossier,ships/dossiers/krait-mk-ii-multipurpose.html,,0.78,yes,role=multipurpose,Krait Mk II
guides/systems/cmdrs-lexicon.html,409,Phantom,phantom,ship-dossier,ships/dossiers/krait-phantom-multipurpose.html,,0.75,yes,role=multipurpose alias,Phantom
guides/systems/cmdrs-lexicon.html,409,Krait Phantom,krait phantom,ship-dossier,ships/dossiers/krait-phantom-multipurpose.html,,0.78,yes,role=multipurpose,Krait Phantom
guides/systems/cmdrs-lexicon.html,409,Krait,krait,ship-dossier,ships/dossiers/krait-mk-ii-exploration.html,,0.82,yes,role=exploration alias,— the long-range exploration variant of the Krait.
guides/systems/cmdrs-lexicon.html,410,Python,python,ship-dossier,ships/dossiers/python-multipurpose.html,,0.78,yes,role=multipurpose,Python
guides/systems/cmdrs-lexicon.html,410,Python,python,ship-dossier,ships/dossiers/python-multipurpose.html,,0.78,yes,role=multipurpose,Python
guides/systems/cmdrs-lexicon.html,410,Python Mk II,python mk ii,ship-dossier,ships/dossiers/python-mk-ii-combat.html,,0.78,yes,role=combat,is the newer Python Mk II.
guides/systems/cmdrs-lexicon.html,411,Sidewinder Mk I,sidewinder mk i,ship-dossier,ships/dossiers/sidewinder-mk-i-combat.html,,0.78,yes,role=combat,Sidewinder Mk I
guides/systems/cmdrs-lexicon.html,412,Sidewinder,sidewinder,ship-dossier,ships/dossiers/sidewinder-mk-i-combat.html,,0.75,yes,role=combat alias,Using a cheap Sidewinder to
guides/systems/cmdrs-lexicon.html,413,T6,t6,ship-dossier,ships/dossiers/type-6-transporter-exploration.html,,0.75,yes,role=exploration alias,T6 / T7 / T9 / T10
guides/systems/cmdrs-lexicon.html,413,T7,t7,ship-dossier,ships/dossiers/type-7-transporter-trading.html,,0.75,yes,role=trading alias,T6 / T7 / T9 / T10
guides/systems/cmdrs-lexicon.html,413,T9,t9,ship-dossier,ships/dossiers/type-9-heavy-trading.html,,0.75,yes,role=trading alias,T6 / T7 / T9 / T10
guides/systems/cmdrs-lexicon.html,413,T10,t10,ship-dossier,ships/dossiers/type-10-defender-combat.html,,0.75,yes,role=combat alias,T6 / T7 / T9 / T10
guides/systems/cmdrs-lexicon.html,413,Type-6 Transporter,type-6 transporter,ship-dossier,ships/dossiers/type-6-transporter-exploration.html,,0.78,yes,role=exploration,Type-6 Transporter / Type-7 Transporter / Type-9 Heavy / Type-10 Defender
guides/systems/cmdrs-lexicon.html,413,Type-7 Transporter,type-7 transporter,ship-dossier,ships/dossiers/type-7-transporter-trading.html,,0.78,yes,role=trading,Type-6 Transporter / Type-7 Transporter / Type-9 Heavy / Type-10 Defender
guides/systems/cmdrs-lexicon.html,413,Type-9 Heavy,type-9 heavy,ship-dossier,ships/dossiers/type-9-heavy-trading.html,,0.78,yes,role=trading,Type-6 Transporter / Type-7 Transporter / Type-9 Heavy / Type-10 Defender
guides/systems/cmdrs-lexicon.html,413,Type-10 Defender,type-10 defender,ship-dossier,ships/dossiers/type-10-defender-combat.html,,0.78,yes,role=combat,Type-6 Transporter / Type-7 Transporter / Type-9 Heavy / Type-10 Defender
guides/systems/cmdrs-lexicon.html,413,T10,t10,ship-dossier,ships/dossiers/type-10-defender-combat.html,,0.75,yes,role=combat alias,— the Lakon haulers and the T10 gunship.
guides/systems/cmdrs-lexicon.html,414,Vulture,vulture,ship-dossier,ships/dossiers/vulture-combat.html,,0.78,yes,role=combat,Vulture
guides/systems/cmdrs-lexicon.html,414,Vulture,vulture,ship-dossier,ships/dossiers/vulture-combat.html,,0.78,yes,role=combat,Vulture
guides/systems/cmdrs-lexicon.html,438,Cutter,cutter,ship-dossier,ships/dossiers/imperial-cutter-multipurpose.html,,0.75,yes,role=multipurpose alias,"— Arc Cutter and the biggest backpack, built for settlement raiding."
guides/systems/combat-zones.html,84,Empire,empire,superpower,systems/superpower-rank.html,superpower-emp,0.85,yes,superpower +rank,Combat Zones spawn only in systems at War or Civil War and vanish when the war resolves. Two types exist: ship CZs in sp
guides/systems/combat-zones.html,132,Empire,empire,superpower,systems/superpower-rank.html,superpower-emp,0.6,no,superpower (no rank ctx),if the Empire or
guides/systems/combat-zones.html,137,cannon,cannon,blueprint-group,engineering/blueprints.html,blueprint-group-cannon,0.8,yes,blueprint group,"Even Low zones can contain Elite-rank NPCs, and ships are combat-fitted — tougher than the random traffic you meet in th"
guides/systems/combat-zones.html,183,Anaconda,anaconda,ship-dossier,ships/dossiers/anaconda-multipurpose.html,,0.78,yes,role=multipurpose,"A large engineered ship — typically Anaconda, Corvette or Cutter — flown by an Elite pilot. Enemy: hunt it down and kill"
guides/systems/combat-zones.html,183,Corvette,corvette,ship-dossier,ships/dossiers/federal-corvette-multipurpose.html,,0.75,yes,role=multipurpose alias,"A large engineered ship — typically Anaconda, Corvette or Cutter — flown by an Elite pilot. Enemy: hunt it down and kill"
guides/systems/combat-zones.html,183,Cutter,cutter,ship-dossier,ships/dossiers/imperial-cutter-multipurpose.html,,0.75,yes,role=multipurpose alias,"A large engineered ship — typically Anaconda, Corvette or Cutter — flown by an Elite pilot. Enemy: hunt it down and kill"
guides/systems/combat-zones.html,183,FSD,fsd,module,engineering/modules.html,module-frame-shift-drive,0.85,yes,ambig->module (default),Tip: target the FSD or powerplant to drop it fast.
guides/systems/combat-zones.html,187,Empire,empire,superpower,systems/superpower-rank.html,superpower-emp,0.6,no,superpower (no rank ctx),Appears only in High zones when the Empire or Federation is a combatant. It cannot be destroyed — disable it by targetin
guides/systems/combat-zones.html,187,Federation,federation,superpower,systems/superpower-rank.html,superpower-fed,0.6,no,superpower (no rank ctx),Appears only in High zones when the Empire or Federation is a combatant. It cannot be destroyed — disable it by targetin
guides/systems/combat-zones.html,229,Imperial,imperial,superpower,systems/superpower-rank.html,superpower-emp,0.85,yes,superpower +rank,Imperial rank bar
guides/systems/combat-zones.html,230,Empire,empire,superpower,systems/superpower-rank.html,superpower-emp,0.6,no,superpower (no rank ctx),Empire
guides/systems/combat-zones.html,230,Imperial,imperial,superpower,systems/superpower-rank.html,superpower-emp,0.6,no,superpower (no rank ctx),Imperial station
guides/systems/combat-zones.html,230,Federal,federal,superpower,systems/superpower-rank.html,superpower-fed,0.6,no,superpower (no rank ctx),. Cash Imperial-earned bonds at a Federal station and the superpower credit can skew the wrong way.
guides/systems/combat-zones.html,232,Imperial,imperial,superpower,systems/superpower-rank.html,superpower-emp,0.85,yes,superpower +rank,"the Imperial rank bar, but reputation and naval rank are separate systems. Once the bar hits 100%, you still must find a"
guides/systems/combat-zones.html,232,Imperial,imperial,superpower,systems/superpower-rank.html,superpower-emp,0.85,yes,superpower +rank,"""Imperial Navy""-titled promotion mission"
guides/systems/combat-zones.html,233,Empire,empire,superpower,systems/superpower-rank.html,superpower-emp,0.85,yes,superpower +rank,"source of Empire rep, not the efficient path. The rank-bar gain from combat is small per action, and the bottleneck is t"
guides/systems/combat-zones.html,233,efficient,efficient,blueprint,engineering/blueprints.html,blueprint-advanced-multi-cannon-efficient,0.55,no,blueprint ambiguous (log only),"source of Empire rep, not the efficient path. The rank-bar gain from combat is small per action, and the bottleneck is t"
guides/systems/combat-zones.html,233,Mandalay,mandalay,ship-dossier,ships/dossiers/mandalay-multipurpose.html,,0.78,yes,role=multipurpose,"source of Empire rep, not the efficient path. The rank-bar gain from combat is small per action, and the bottleneck is t"
guides/systems/combat-zones.html,233,Python Mk II,python mk ii,ship-dossier,ships/dossiers/python-mk-ii-combat.html,,0.85,yes,role=combat,"source of Empire rep, not the efficient path. The rank-bar gain from combat is small per action, and the bottleneck is t"
guides/systems/combat-zones.html,233,Cobra Mk V,cobra mk v,ship-dossier,ships/dossiers/cobra-mk-v-combat.html,,0.85,yes,role=combat,"source of Empire rep, not the efficient path. The rank-bar gain from combat is small per action, and the bottleneck is t"
guides/systems/combat-zones.html,245,Imperial,imperial,superpower,systems/superpower-rank.html,superpower-emp,0.6,no,superpower (no rank ctx),Imperial mission-givers as possible (across stations / nearby systems). Then each qualifying kill ticks one mission from
guides/systems/combat-zones.html,272,Empire,empire,superpower,systems/superpower-rank.html,superpower-emp,0.6,no,superpower (no rank ctx),"You're currently Hostile to A. Lavigny-Duval, whose Powerplay presence covers systems like Cemiess. Power CZs are a sepa"
guides/systems/combat-zones.html,299,lasers,lasers,module,engineering/modules.html,module-lasers,0.85,yes,module,don't run pure beam lasers for long engagements — heat and sustain become a problem. Mix sustained energy with kinetic (
guides/systems/combat-zones.html,299,kinetic,kinetic,module,engineering/modules.html,module-kinetic,0.65,no,weapon-category adj (soft),don't run pure beam lasers for long engagements — heat and sustain become a problem. Mix sustained energy with kinetic (
guides/systems/combat-zones.html,300,AFMU,afmu,module,engineering/modules.html,module-afmu,0.85,yes,module,"shield tank with resistance-augmented boosters favours the long, multi-ship slog of a CZ over a glass-cannon gank build."
guides/systems/combat-zones.html,304,Python Mk II,python mk ii,ship-dossier,ships/dossiers/python-mk-ii-combat.html,,0.78,yes,role=combat,such as the Python Mk II is the natural High-zone choice; a
guides/systems/combat-zones.html,304,Cobra Mk V,cobra mk v,ship-dossier,ships/dossiers/cobra-mk-v-combat.html,,0.85,yes,role=combat,like the Cobra Mk V is capable for Low/Medium. A long-range traveller such as the Mandalay has no business in a sustaine
guides/systems/combat-zones.html,304,Mandalay,mandalay,ship-dossier,ships/dossiers/mandalay-multipurpose.html,,0.78,yes,role=multipurpose,like the Cobra Mk V is capable for Low/Medium. A long-range traveller such as the Mandalay has no business in a sustaine
guides/systems/combat-zones.html,304,Overcharged,overcharged,blueprint,engineering/blueprints.html,blueprint-power-plant-overcharged,0.5,no,blueprint generic (log only),like the Cobra Mk V is capable for Low/Medium. A long-range traveller such as the Mandalay has no business in a sustaine
guides/systems/combat-zones.html,304,Dirty Drives,dirty drives,blueprint,engineering/blueprints.html,blueprint-thrusters-dirty-drive-tuning,0.85,yes,blueprint (curated alias),like the Cobra Mk V is capable for Low/Medium. A long-range traveller such as the Mandalay has no business in a sustaine
guides/systems/combat-zones.html,304,Heavy Duty,heavy duty,blueprint,engineering/blueprints.html,blueprint-bulkheads-heavy-duty,0.5,no,blueprint generic (log only),like the Cobra Mk V is capable for Low/Medium. A long-range traveller such as the Mandalay has no business in a sustaine
guides/systems/combat-zones.html,323,Empire,empire,superpower,systems/superpower-rank.html,superpower-emp,0.85,yes,superpower +rank,Does this rank up Empire?
guides/systems/combat-zones.html,323,Imperial,imperial,superpower,systems/superpower-rank.html,superpower-emp,0.85,yes,superpower +rank,"Feeds the bar (fight Imperial faction + cash at Imperial station), but rank still needs a"
guides/systems/combat-zones.html,323,Imperial,imperial,superpower,systems/superpower-rank.html,superpower-emp,0.85,yes,superpower +rank,"Feeds the bar (fight Imperial faction + cash at Imperial station), but rank still needs a"
guides/systems/community-goals.html,84,T10,t10,ship-dossier,ships/dossiers/type-10-defender-combat.html,,0.75,yes,role=combat alias,T1–T10
guides/systems/community-goals.html,112,Federal,federal,superpower,systems/superpower-rank.html,superpower-fed,0.85,yes,superpower +rank,"Contributing builds reputation with the sponsoring minor faction, which flows up to its superpower — the engine behind F"
guides/systems/community-goals.html,112,Imperial,imperial,superpower,systems/superpower-rank.html,superpower-emp,0.85,yes,superpower +rank,"Contributing builds reputation with the sponsoring minor faction, which flows up to its superpower — the engine behind F"
guides/systems/community-goals.html,121,Sidewinder,sidewinder,ship-dossier,ships/dossiers/sidewinder-mk-i-combat.html,,0.75,yes,role=combat alias,"Everyone, at every stage. A brand-new commander in a stock Sidewinder can meaningfully contribute to a bounty-hunting CG"
guides/systems/community-goals.html,137,T10,t10,ship-dossier,ships/dossiers/type-10-defender-combat.html,,0.75,yes,role=combat alias,"(Frontier sometimes extends to Tier 11 if T10 falls early, or pulls the ceiling down to end a goal on schedule). Each ti"
guides/systems/community-goals.html,137,T10,t10,ship-dossier,ships/dossiers/type-10-defender-combat.html,,0.75,yes,role=combat alias,. A CG that only reaches T3 pays everyone far less than the same CG completed to T10. This is the cooperative half: ever
guides/systems/community-goals.html,176,refinery,refinery,module,engineering/modules.html,module-refinery,0.85,yes,ambig->module (default),Mining ship (refinery + cargo)
guides/systems/community-goals.html,194,Federal,federal,superpower,systems/superpower-rank.html,superpower-fed,0.6,no,superpower (no rank ctx),"""Opening Federal Campaign"""
guides/systems/community-goals.html,206,cargo rack,cargo rack,module,engineering/modules.html,module-cargo-rack,0.85,yes,ambig->module (default),cargo rack
guides/systems/community-goals.html,243,Kill Warrant Scanner,kill warrant scanner,module,engineering/modules.html,module-scanners,0.85,yes,ambig->module (default),Fit a Kill Warrant Scanner
guides/systems/community-goals.html,280,refinery,refinery,module,engineering/modules.html,module-refinery,0.85,yes,ambig->module (default),Mining CGs ask for a demanded mineral or metal sold raw to the host market — fit a refinery and as much cargo as you can
guides/systems/community-goals.html,283,refinery,refinery,module,engineering/modules.html,module-refinery,0.85,yes,ambig->module (default),refinery + cargo racks
guides/systems/community-goals.html,311,Federal,federal,superpower,systems/superpower-rank.html,superpower-fed,0.85,yes,superpower +rank,Federal reputation
guides/systems/community-goals.html,311,Federal,federal,superpower,systems/superpower-rank.html,superpower-fed,0.85,yes,superpower +rank,", which fills the Federal Navy rank bar. Reputation alone doesn't promote you — each rank is still hand-finished with a "
guides/systems/community-goals.html,311,Federal,federal,superpower,systems/superpower-rank.html,superpower-fed,0.85,yes,superpower +rank,"""Federal Navy"" promotion mission"
guides/systems/community-goals.html,311,Federal Corvette,federal corvette,ship-dossier,ships/dossiers/federal-corvette-multipurpose.html,,0.78,yes,role=multipurpose,Federal Corvette
guides/systems/community-goals.html,311,Federal Gunship,federal gunship,ship-dossier,ships/dossiers/federal-gunship-combat.html,,0.78,yes,role=combat,permit and the Federal Gunship / Dropship / Assault Ship line along the way.
guides/systems/community-goals.html,311,Dropship,dropship,ship-dossier,ships/dossiers/federal-dropship-combat.html,,0.75,yes,role=combat alias,permit and the Federal Gunship / Dropship / Assault Ship line along the way.
guides/systems/community-goals.html,311,Assault Ship,assault ship,ship-dossier,ships/dossiers/federal-assault-ship-combat.html,,0.75,yes,role=combat alias,permit and the Federal Gunship / Dropship / Assault Ship line along the way.
guides/systems/community-goals.html,314,Imperial,imperial,superpower,systems/superpower-rank.html,superpower-emp,0.85,yes,superpower +rank,Imperial reputation
guides/systems/community-goals.html,314,Imperial,imperial,superpower,systems/superpower-rank.html,superpower-emp,0.85,yes,superpower +rank,"toward Imperial Navy rank (the ladder of noble titles), again finished with an ""Imperial Navy"" promotion mission per ran"
guides/systems/community-goals.html,314,Imperial,imperial,superpower,systems/superpower-rank.html,superpower-emp,0.85,yes,superpower +rank,"toward Imperial Navy rank (the ladder of noble titles), again finished with an ""Imperial Navy"" promotion mission per ran"
guides/systems/community-goals.html,314,Imperial Cutter,imperial cutter,ship-dossier,ships/dossiers/imperial-cutter-multipurpose.html,,0.78,yes,role=multipurpose,Imperial Cutter
guides/systems/community-goals.html,314,Imperial Clipper,imperial clipper,ship-dossier,ships/dossiers/imperial-clipper-multipurpose.html,,0.78,yes,role=multipurpose,the Imperial Clipper;
guides/systems/community-goals.html,317,Chieftain,chieftain,ship-dossier,ships/dossiers/alliance-chieftain-combat.html,,0.75,yes,role=combat alias,"runs no navy and no rank ladder, so its Lakon ships (Chieftain, Challenger, Crusader, Type-10) need no rank — any pilot "
guides/systems/community-goals.html,317,Challenger,challenger,ship-dossier,ships/dossiers/alliance-challenger-combat.html,,0.75,yes,role=combat alias,"runs no navy and no rank ladder, so its Lakon ships (Chieftain, Challenger, Crusader, Type-10) need no rank — any pilot "
guides/systems/community-goals.html,317,Crusader,crusader,ship-dossier,ships/dossiers/alliance-crusader-combat.html,,0.75,yes,role=combat alias,"runs no navy and no rank ladder, so its Lakon ships (Chieftain, Challenger, Crusader, Type-10) need no rank — any pilot "
guides/systems/community-goals.html,317,Alliance,alliance,superpower,systems/superpower-rank.html,superpower-all,0.85,yes,superpower +rank,"runs no navy and no rank ladder, so its Lakon ships (Chieftain, Challenger, Crusader, Type-10) need no rank — any pilot "
guides/systems/community-goals.html,317,Alliance,alliance,superpower,systems/superpower-rank.html,superpower-all,0.85,yes,superpower +rank,"runs no navy and no rank ladder, so its Lakon ships (Chieftain, Challenger, Crusader, Type-10) need no rank — any pilot "
guides/systems/community-goals.html,335,Kill Warrant Scanner,kill warrant scanner,module,engineering/modules.html,module-scanners,0.85,yes,ambig->module (default),Bounties/bonds must be for the CG's sponsoring faction. A Kill Warrant Scanner keeps your vouchers on-target.
guides/systems/community-goals.html,353,KWS,kws,module,engineering/modules.html,module-scanners,0.85,yes,module,Earn the right currency for the right faction (KWS on for combat).
guides/systems/community-goals.html,360,Federation,federation,superpower,systems/superpower-rank.html,superpower-fed,0.85,yes,superpower +rank,reputation — finished with the navy's named promotion mission for Federation/Empire (the Alliance has no rank). You can 
guides/systems/community-goals.html,360,Empire,empire,superpower,systems/superpower-rank.html,superpower-emp,0.85,yes,superpower +rank,reputation — finished with the navy's named promotion mission for Federation/Empire (the Alliance has no rank). You can 
guides/systems/community-goals.html,360,Alliance,alliance,superpower,systems/superpower-rank.html,superpower-all,0.85,yes,superpower +rank,reputation — finished with the navy's named promotion mission for Federation/Empire (the Alliance has no rank). You can 
guides/systems/docking-landing-manual.html,292,thrusters,thrusters,module,engineering/modules.html,module-thrusters,0.85,yes,ambig->module (default),"from the holographic number as you enter, and start translating toward it immediately (lateral + vertical thrusters)."
guides/systems/docking-landing-manual.html,305,Python Mk II,python mk ii,ship-dossier,ships/dossiers/python-mk-ii-combat.html,,0.78,yes,role=combat,"pads — a large hull (Type-9, Python Mk II on a large pad, a future Corvette) physically cannot dock. Confirm in the syst"
guides/systems/docking-landing-manual.html,305,Corvette,corvette,ship-dossier,ships/dossiers/federal-corvette-multipurpose.html,,0.75,yes,role=multipurpose alias,"pads — a large hull (Type-9, Python Mk II on a large pad, a future Corvette) physically cannot dock. Confirm in the syst"
guides/systems/docking-landing-manual.html,387,Cobra Mk V,cobra mk v,ship-dossier,ships/dossiers/cobra-mk-v-multipurpose.html,,0.78,yes,role=multipurpose,Settlement pads are small/medium — your large hulls can't dock there; bring a small or medium ship (your Cobra Mk V or V
guides/systems/docking-landing-manual.html,387,Viper,viper,ship-dossier,ships/dossiers/viper-mk-iii-combat.html,,0.75,yes,role=combat alias,Settlement pads are small/medium — your large hulls can't dock there; bring a small or medium ship (your Cobra Mk V or V
guides/systems/docking-landing-manual.html,456,Thrusters,thrusters,module,engineering/modules.html,module-thrusters,0.85,yes,ambig->module (default),Lateral / Vertical Thrusters
guides/systems/docking-landing-manual.html,471,HRP,hrp,module,engineering/modules.html,module-hull-reinforcement,0.85,yes,module,— slots for HRP/utility
guides/systems/docking-landing-manual.html,480,Viper,viper,ship-dossier,ships/dossiers/viper-mk-iii-combat.html,,0.75,yes,role=combat alias,"For the brawlers (Viper, Cobra Mk V, Python Mk II) the slot is repurposed for hull — fly them manually; the time and the"
guides/systems/docking-landing-manual.html,480,Cobra Mk V,cobra mk v,ship-dossier,ships/dossiers/cobra-mk-v-multipurpose.html,,0.78,yes,role=multipurpose,"For the brawlers (Viper, Cobra Mk V, Python Mk II) the slot is repurposed for hull — fly them manually; the time and the"
guides/systems/docking-landing-manual.html,480,Python Mk II,python mk ii,ship-dossier,ships/dossiers/python-mk-ii-combat.html,,0.78,yes,role=combat,"For the brawlers (Viper, Cobra Mk V, Python Mk II) the slot is repurposed for hull — fly them manually; the time and the"
guides/systems/docking-landing-manual.html,480,Lynx Highliner,lynx highliner,ship-dossier,ships/dossiers/lynx-highliner-passenger.html,,0.78,yes,role=passenger,Lynx Highliner
guides/systems/fleet-carrier.html,262,Refinery,refinery,module,engineering/modules.html,module-refinery,0.85,yes,ambig->module (default),Refinery
guides/systems/fleet-carrier.html,263,Type-11 Prospector,type-11 prospector,ship-dossier,ships/dossiers/type-11-prospector-mining.html,,0.78,yes,role=mining,Type-11 Prospector
guides/systems/fleet-carrier.html,418,efficient,efficient,blueprint,engineering/blueprints.html,blueprint-advanced-multi-cannon-efficient,0.55,no,blueprint ambiguous (log only),", not the next purchase. The most efficient path is: finish any in-progress engineer unlocks and rank grinds, build the "
guides/systems/fleet-carrier.html,425,focused,focused,blueprint,engineering/blueprints.html,blueprint-burst-laser-focused,0.55,no,blueprint ambiguous (log only),"Upkeep is very beatable. A few hours of focused activity typically funds weeks. Options, roughly best-to-worst:"
guides/systems/new-cmdr-guide.html,121,Federation,federation,superpower,systems/superpower-rank.html,superpower-fed,0.6,no,superpower (no rank ctx),Pilots' Federation District
guides/systems/new-cmdr-guide.html,124,Sidewinder Mk I,sidewinder mk i,ship-dossier,ships/dossiers/sidewinder-mk-i-combat.html,,0.78,yes,role=combat,Sidewinder Mk I
guides/systems/new-cmdr-guide.html,126,Federation,federation,superpower,systems/superpower-rank.html,superpower-fed,0.85,yes,superpower +rank,that ends the first time you raise any Pilots' Federation rank. Mistakes are nearly free right now — use the window.
guides/systems/new-cmdr-guide.html,147,Frame Shift Drive,frame shift drive,module,engineering/modules.html,module-frame-shift-drive,0.85,yes,ambig->module (default),The Frame Shift Drive (FSD) jumps you star-to-star. Plot a route in the
guides/systems/new-cmdr-guide.html,147,FSD,fsd,module,engineering/modules.html,module-frame-shift-drive,0.85,yes,ambig->module (default),The Frame Shift Drive (FSD) jumps you star-to-star. Plot a route in the
guides/systems/new-cmdr-guide.html,148,Fuel Scoop,fuel scoop,module,engineering/modules.html,module-fuel-scoop,0.85,yes,ambig->module (default),Fuel Scoop
guides/systems/new-cmdr-guide.html,177,Federation,federation,superpower,systems/superpower-rank.html,superpower-fed,0.85,yes,superpower +rank,"— Federation, Empire, Alliance — are a separate system that unlocks permit-locked ships; that ladder is its own guide,"
guides/systems/new-cmdr-guide.html,177,Empire,empire,superpower,systems/superpower-rank.html,superpower-emp,0.85,yes,superpower +rank,"— Federation, Empire, Alliance — are a separate system that unlocks permit-locked ships; that ladder is its own guide,"
guides/systems/new-cmdr-guide.html,177,Alliance,alliance,superpower,systems/superpower-rank.html,superpower-all,0.85,yes,superpower +rank,"— Federation, Empire, Alliance — are a separate system that unlocks permit-locked ships; that ladder is its own guide,"
guides/systems/new-cmdr-guide.html,195,Detailed Surface Scanner,detailed surface scanner,module,engineering/modules.html,module-detailed-surface-scanner,0.85,yes,ambig->module (default),Detailed Surface Scanner
guides/systems/new-cmdr-guide.html,198,specialised,specialised,blueprint,engineering/blueprints.html,blueprint-shield-cell-bank-specialised,0.78,yes,blueprint distinctive,") — is a specialised endgame track,"
guides/systems/new-cmdr-guide.html,220,Federation,federation,superpower,systems/superpower-rank.html,superpower-fed,0.6,no,superpower (no rank ctx),; the Pilots' Federation insures the other ≥95%. Die without the rebuy on hand and you are dumped back into a free Sidew
guides/systems/new-cmdr-guide.html,220,Sidewinder,sidewinder,ship-dossier,ships/dossiers/sidewinder-mk-i-combat.html,,0.75,yes,role=combat alias,; the Pilots' Federation insures the other ≥95%. Die without the rebuy on hand and you are dumped back into a free Sidew
guides/systems/new-cmdr-guide.html,237,Cobra Mk III,cobra mk iii,ship-dossier,ships/dossiers/cobra-mk-iii-multipurpose.html,,0.78,yes,role=multipurpose,Cobra Mk III
guides/systems/new-cmdr-guide.html,238,Adder,adder,ship-dossier,ships/dossiers/adder-multipurpose.html,,0.78,yes,role=multipurpose,Adder
guides/systems/new-cmdr-guide.html,238,Sidewinder,sidewinder,ship-dossier,ships/dossiers/sidewinder-mk-i-combat.html,,0.75,yes,role=combat alias,"Cheapest real step up from the Sidewinder; light mining, trading and short-range exploring."
guides/systems/new-cmdr-guide.html,239,Viper Mk III,viper mk iii,ship-dossier,ships/dossiers/viper-mk-iii-combat.html,,0.78,yes,role=combat,Viper Mk III
guides/systems/new-cmdr-guide.html,240,Diamondback Explorer,diamondback explorer,ship-dossier,ships/dossiers/diamondback-explorer-multipurpose.html,,0.78,yes,role=multipurpose,Diamondback Explorer
guides/systems/new-cmdr-guide.html,241,Cobra Mk V,cobra mk v,ship-dossier,ships/dossiers/cobra-mk-v-multipurpose.html,,0.78,yes,role=multipurpose,Cobra Mk V
guides/systems/new-cmdr-guide.html,245,Cobra Mk V,cobra mk v,ship-dossier,ships/dossiers/cobra-mk-v-multipurpose.html,,0.78,yes,role=multipurpose,"Some new-player guides quote the ~350k ship as a ""Cobra Mk V"". It isn't — the"
guides/systems/new-cmdr-guide.html,245,Cobra Mk III,cobra mk iii,ship-dossier,ships/dossiers/cobra-mk-iii-multipurpose.html,,0.78,yes,role=multipurpose,~350k multirole is the Cobra Mk III
guides/systems/new-cmdr-guide.html,245,Cobra Mk V,cobra mk v,ship-dossier,ships/dossiers/cobra-mk-v-multipurpose.html,,0.78,yes,role=multipurpose,". The Cobra Mk V is a separate ~2M hull. Always price a build on INARA, never from a third-party table."
guides/systems/new-cmdr-guide.html,250,FSD,fsd,module,engineering/modules.html,module-frame-shift-drive,0.85,yes,ambig->module (default),1 · FSD
guides/systems/new-cmdr-guide.html,251,Fuel Scoop,fuel scoop,module,engineering/modules.html,module-fuel-scoop,0.85,yes,ambig->module (default),2 · Fuel Scoop
guides/systems/new-cmdr-guide.html,252,power plant,power plant,module,engineering/modules.html,module-power-plant,0.85,yes,ambig->module (default),"power plant, thrusters, power distributor — keep the ship powered and responsive."
guides/systems/new-cmdr-guide.html,252,thrusters,thrusters,module,engineering/modules.html,module-thrusters,0.85,yes,ambig->module (default),"power plant, thrusters, power distributor — keep the ship powered and responsive."
guides/systems/new-cmdr-guide.html,252,power distributor,power distributor,module,engineering/modules.html,module-power-distributor,0.85,yes,ambig->module (default),"power plant, thrusters, power distributor — keep the ship powered and responsive."
guides/systems/new-cmdr-guide.html,253,Detailed Surface Scanner,detailed surface scanner,module,engineering/modules.html,module-detailed-surface-scanner,0.85,yes,ambig->module (default),Detailed Surface Scanner for explorers; mining lasers + refinery + collector limpets for miners.
guides/systems/new-cmdr-guide.html,253,lasers,lasers,module,engineering/modules.html,module-lasers,0.85,yes,module,Detailed Surface Scanner for explorers; mining lasers + refinery + collector limpets for miners.
guides/systems/new-cmdr-guide.html,253,refinery,refinery,module,engineering/modules.html,module-refinery,0.85,yes,ambig->module (default),Detailed Surface Scanner for explorers; mining lasers + refinery + collector limpets for miners.
guides/systems/new-cmdr-guide.html,293,FSD,fsd,module,engineering/modules.html,module-frame-shift-drive,0.85,yes,ambig->module (default),FSD range
guides/systems/new-cmdr-guide.html,293,Felicity Farseer,felicity farseer,engineer,engineering/engineers.html,engineer-felicity-farseer,0.9,yes,engineer,"(Felicity Farseer), but follow a proper unlock order rather than guessing your way through invites."
guides/systems/new-cmdr-guide.html,310,specialised,specialised,blueprint,engineering/blueprints.html,blueprint-shield-cell-bank-specialised,0.78,yes,blueprint distinctive,the war against the Thargoids; specialised gear required.
guides/systems/new-cmdr-guide.html,323,FSD,fsd,module,engineering/modules.html,module-frame-shift-drive,0.85,yes,ambig->module (default),Plot a multi-system FSD route
guides/systems/new-cmdr-guide.html,326,Detailed Surface Scanner,detailed surface scanner,module,engineering/modules.html,module-detailed-surface-scanner,0.85,yes,ambig->module (default),Fit a Detailed Surface Scanner
guides/systems/new-cmdr-guide.html,326,Fuel Scoop,fuel scoop,module,engineering/modules.html,module-fuel-scoop,0.85,yes,ambig->module (default),Add a Fuel Scoop if exploring; practise scooping fuel from a star.
guides/systems/new-cmdr-guide.html,329,Cobra Mk III,cobra mk iii,ship-dossier,ships/dossiers/cobra-mk-iii-multipurpose.html,,0.78,yes,role=multipurpose,"Cobra Mk III, Viper Mk III or Adder by track — keeping the rebuy covered."
guides/systems/new-cmdr-guide.html,329,Viper Mk III,viper mk iii,ship-dossier,ships/dossiers/viper-mk-iii-combat.html,,0.78,yes,role=combat,"Cobra Mk III, Viper Mk III or Adder by track — keeping the rebuy covered."
guides/systems/new-cmdr-guide.html,329,Adder,adder,ship-dossier,ships/dossiers/adder-multipurpose.html,,0.78,yes,role=multipurpose,"Cobra Mk III, Viper Mk III or Adder by track — keeping the rebuy covered."
guides/systems/pilots-federation.html,82,Federation,federation,superpower,systems/superpower-rank.html,superpower-fed,0.6,no,superpower (no rank ctx),Pilots Federation
guides/systems/pilots-federation.html,82,Federal,federal,superpower,systems/superpower-rank.html,superpower-fed,0.85,yes,superpower +rank,"ladders, Federal and Imperial, which gate restricted ships, permits and engineer invites; those are covered in"
guides/systems/pilots-federation.html,82,Imperial,imperial,superpower,systems/superpower-rank.html,superpower-emp,0.85,yes,superpower +rank,"ladders, Federal and Imperial, which gate restricted ships, permits and engineer invites; those are covered in"
guides/systems/pilots-federation.html,85,Federal,federal,superpower,systems/superpower-rank.html,superpower-fed,0.85,yes,superpower +rank,"The Federal and Imperial ladders gate hulls, permits and engineers — a distinct system, covered in"
guides/systems/pilots-federation.html,85,Imperial,imperial,superpower,systems/superpower-rank.html,superpower-emp,0.85,yes,superpower +rank,"The Federal and Imperial ladders gate hulls, permits and engineers — a distinct system, covered in"
guides/systems/pilots-federation.html,93,Federation,federation,superpower,systems/superpower-rank.html,superpower-fed,0.85,yes,superpower +rank,"Before the ranks, the institution. The Pilots Federation is the supra-national body that licenses every independent pilo"
guides/systems/pilots-federation.html,96,Federation,federation,superpower,systems/superpower-rank.html,superpower-fed,0.6,no,superpower (no rank ctx),The Pilots Federation was
guides/systems/pilots-federation.html,100,Federation,federation,superpower,systems/superpower-rank.html,superpower-fed,0.85,yes,superpower +rank,"— it sits above the Federation, the Empire and the Alliance rather than inside any of them. That neutrality is why a sin"
guides/systems/pilots-federation.html,100,Empire,empire,superpower,systems/superpower-rank.html,superpower-emp,0.85,yes,superpower +rank,"— it sits above the Federation, the Empire and the Alliance rather than inside any of them. That neutrality is why a sin"
guides/systems/pilots-federation.html,100,Alliance,alliance,superpower,systems/superpower-rank.html,superpower-all,0.85,yes,superpower +rank,"— it sits above the Federation, the Empire and the Alliance rather than inside any of them. That neutrality is why a sin"
guides/systems/pilots-federation.html,114,Federation,federation,superpower,systems/superpower-rank.html,superpower-fed,0.6,no,superpower (no rank ctx),"New commanders begin inside PF-administered starter systems — the Pilots' Federation District. It is where ""where do I b"
guides/systems/pilots-federation.html,120,Federation,federation,superpower,systems/superpower-rank.html,superpower-fed,0.85,yes,superpower +rank,Pilots Federation ranks
guides/systems/pilots-federation.html,121,Federal,federal,superpower,systems/superpower-rank.html,superpower-fed,0.85,yes,superpower +rank,"Federal / Imperial. Gate restricted ships, permits and engineer invites — see"
guides/systems/pilots-federation.html,121,Imperial,imperial,superpower,systems/superpower-rank.html,superpower-emp,0.85,yes,superpower +rank,"Federal / Imperial. Gate restricted ships, permits and engineer invites — see"
guides/systems/pilots-federation.html,201,DSS,dss,module,engineering/modules.html,module-detailed-surface-scanner,0.85,yes,module,"selling cartographic data at Universal Cartographics — FSS honks, DSS mapping, and the first-discovered / first-mapped b"
guides/systems/pilots-federation.html,206,DSS,dss,module,engineering/modules.html,module-detailed-surface-scanner,0.85,yes,module,"— FSS/DSS workflow, route planning and exobiology basics. Long-range hulls:"
guides/systems/pilots-federation.html,236,focused,focused,blueprint,engineering/blueprints.html,blueprint-burst-laser-focused,0.55,no,blueprint ambiguous (log only),is ship-combat focused; treat it as adjacent reading rather than a Mercenary primer.
guides/systems/pilots-federation.html,249,DSS,dss,module,engineering/modules.html,module-detailed-surface-scanner,0.85,yes,module,"land on bio-rich worlds (tenuous-atmosphere and icy bodies are good targets), use the DSS biological-signal filter from "
guides/systems/pilots-federation.html,251,lightweight,lightweight,blueprint,engineering/blueprints.html,blueprint-life-support-lightweight,0.5,no,blueprint generic (log only),"covers the exobiology scanning workflow in full. To reach the sites efficiently, see the lightweight SRV-carrying hulls "
guides/systems/powerplay.html,97,Federation,federation,superpower,systems/superpower-rank.html,superpower-fed,0.85,yes,superpower +rank,those superpowers. Pledging to a Power is a separate choice from your superpower reputation — pledging to a Federation P
guides/systems/powerplay.html,97,Federal,federal,superpower,systems/superpower-rank.html,superpower-fed,0.85,yes,superpower +rank,"raise your Federal Navy rank, and it does"
guides/systems/powerplay.html,97,Imperial,imperial,superpower,systems/superpower-rank.html,superpower-emp,0.85,yes,superpower +rank,stop you grinding Imperial rank for the Achenar permit. They are independent systems.
guides/systems/powerplay.html,136,Federal,federal,superpower,systems/superpower-rank.html,superpower-fed,0.6,no,superpower (no rank ctx),Regular demonstrations of Federal military authority keep law and order in systems under his control.
guides/systems/powerplay.html,137,Federal,federal,superpower,systems/superpower-rank.html,superpower-fed,0.6,no,superpower (no rank ctx),"A patriot convinced every colony thrives under Federal rule, he sanctions force under the pretence of bolstering securit"
guides/systems/powerplay.html,138,Federal,federal,superpower,systems/superpower-rank.html,superpower-fed,0.6,no,superpower (no rank ctx),"A champion of heavy surveillance and well-funded intelligence services, used to steer Federal security policy where he h"
guides/systems/powerplay.html,142,Federal,federal,superpower,systems/superpower-rank.html,superpower-fed,0.6,no,superpower (no rank ctx),"""A true patriot, Shadow President Archer believes that all human colonies would thrive under the auspices of Federal rul"
guides/systems/powerplay.html,162,Federal,federal,superpower,systems/superpower-rank.html,superpower-fed,0.6,no,superpower (no rank ctx),An extensive welfare-and-health aid campaign wins systems over while securing respect for Federal values.
guides/systems/powerplay.html,174,Imperial,imperial,superpower,systems/superpower-rank.html,superpower-emp,0.6,no,superpower (no rank ctx),Emperor · law &amp; Imperial combat
guides/systems/powerplay.html,180,Imperial,imperial,superpower,systems/superpower-rank.html,superpower-emp,0.6,no,superpower (no rank ctx),Imperial combat
guides/systems/powerplay.html,184,Imperial,imperial,superpower,systems/superpower-rank.html,superpower-emp,0.6,no,superpower (no rank ctx),"A military garrison on constant alert upholds law and order, ready to mete out Imperial justice."
guides/systems/powerplay.html,185,Imperial,imperial,superpower,systems/superpower-rank.html,superpower-emp,0.6,no,superpower (no rank ctx),"Intelligence reports expose endemic corruption, highlighting the benefits of Imperial justice."
guides/systems/powerplay.html,209,Empire,empire,superpower,systems/superpower-rank.html,superpower-emp,0.6,no,superpower (no rank ctx),Viral propaganda campaigns capture hearts and minds with a populist vision for the Empire.
guides/systems/powerplay.html,210,Imperial,imperial,superpower,systems/superpower-rank.html,superpower-emp,0.6,no,superpower (no rank ctx),"Her backers take controlling stakes in newsfeeds and media networks, engineering Imperial support."
guides/systems/powerplay.html,233,Imperial,imperial,superpower,systems/superpower-rank.html,superpower-emp,0.6,no,superpower (no rank ctx),He offers an extensive line of credit to anyone ordering bulk shipments of Imperial armaments.
guides/systems/powerplay.html,234,Empire,empire,superpower,systems/superpower-rank.html,superpower-emp,0.85,yes,superpower +rank,"Commanding one of the Empire's largest private fleets, he musters squadrons that overpower most naval forces."
guides/systems/powerplay.html,251,imperial,imperial,superpower,systems/superpower-rank.html,superpower-emp,0.6,no,superpower (no rank ctx),· +20% trade · +50% imperial slaves
guides/systems/powerplay.html,286,Alliance,alliance,superpower,systems/superpower-rank.html,superpower-all,0.6,no,superpower (no rank ctx),"""The Alliance is rigorous, you see. You can't join a voluntary association of free systems unless you can offer demonstr"
guides/systems/powerplay.html,304,focused,focused,blueprint,engineering/blueprints.html,blueprint-burst-laser-focused,0.55,no,blueprint ambiguous (log only),"Preferring debate to violence, she outsmarts adversaries with statecraft, political leverage and focused media narrative"
guides/systems/powerplay.html,418,Federation,federation,superpower,systems/superpower-rank.html,superpower-fed,0.6,no,superpower (no rank ctx),including the second Federation Power
guides/systems/powerplay.html,426,Federal,federal,superpower,systems/superpower-rank.html,superpower-fed,0.85,yes,superpower +rank,No. Pledging to any Power does not change your Federal or Imperial reputation or block a permit grind — Navy ranks come 
guides/systems/powerplay.html,426,Imperial,imperial,superpower,systems/superpower-rank.html,superpower-emp,0.85,yes,superpower +rank,No. Pledging to any Power does not change your Federal or Imperial reputation or block a permit grind — Navy ranks come 
guides/systems/powerplay.html,577,pulse laser,pulse laser,blueprint-group,engineering/blueprints.html,blueprint-group-pulse-laser,0.8,yes,blueprint group,Fixed pulse laser that reliably disrupts the
guides/systems/powerplay.html,579,FSD,fsd,module,engineering/modules.html,module-frame-shift-drive,0.85,yes,ambig->module (default),Fixed dumbfire that reboots the target's FSD on hit — a longer-lasting FSD-interrupt. Excellent for pinning runners in P
guides/systems/powerplay.html,581,Viper,viper,ship-dossier,ships/dossiers/viper-mk-iii-combat.html,,0.75,yes,role=combat alias,"Class-1 fixed multicannon hitting like a class-3, at the cost of ammo and reload. Brilliant on small-hardpoint ships — t"
guides/systems/powerplay.html,581,Cobra,cobra,ship-dossier,ships/dossiers/cobra-mk-iii-multipurpose.html,,0.75,yes,role=multipurpose alias,"Class-1 fixed multicannon hitting like a class-3, at the cost of ammo and reload. Brilliant on small-hardpoint ships — t"
guides/systems/powerplay.html,585,cannon,cannon,blueprint-group,engineering/blueprints.html,blueprint-group-cannon,0.8,yes,blueprint group,Gimballed cannon firing three rapid projectiles for more total damage. Newest module (
guides/systems/powerplay.html,589,burst laser,burst laser,blueprint-group,engineering/blueprints.html,blueprint-group-burst-laser,0.8,yes,blueprint group,"Class-1 fixed burst laser doing class-3 damage to shields, at the cost of range and zero armour pen. A ""sleeper"" anti-sh"
guides/systems/powerplay.html,595,beam laser,beam laser,blueprint-group,engineering/blueprints.html,blueprint-group-beam-laser,0.8,yes,blueprint group,"Heat-inducing beam laser, widely regarded as the weakest PP module — tiny damage and a marginal heat effect. Unlocked al"
guides/systems/powerplay.html,597,Beam laser,beam laser,blueprint-group,engineering/blueprints.html,blueprint-group-beam-laser,0.8,yes,blueprint group,Beam laser that doubles as a mining tool — poor at both. Last on Archer's list and safe to ignore.
guides/systems/powerplay.html,602,Prismatic Shield Generator,prismatic shield generator,blueprint-group,engineering/blueprints.html,blueprint-group-prismatic-shield-generator,0.8,yes,blueprint group,Prismatic Shield Generator
guides/systems/powerplay.html,602,Empire,empire,superpower,systems/superpower-rank.html,superpower-emp,0.85,yes,superpower +rank,"(Empire) unlocks it at rank 34, where most Powers — Archer among them — put it around rank 83. If you'd rather have comb"
guides/systems/powerplay.html,613,Imperial,imperial,superpower,systems/superpower-rank.html,superpower-emp,0.6,no,superpower (no rank ctx),", and his ethos is Combat on both reinforcement and acquisition — so bounty hunting, ship hunting and Powerplay combat z"
guides/systems/powerplay.html,614,Empire,empire,superpower,systems/superpower-rank.html,superpower-emp,0.6,no,superpower (no rank ctx),if you'd rather fly the same loop under the Empire.
guides/systems/powerplay.html,652,Empire,empire,superpower,systems/superpower-rank.html,superpower-emp,0.6,no,superpower (no rank ctx),"is the strongest mining perk, and selling mined commodities is the single fastest merit method in the game — so the perk"
guides/systems/powerplay.html,653,Empire,empire,superpower,systems/superpower-rank.html,superpower-emp,0.6,no,superpower (no rank ctx),if you want the Empire flag and a trade bonus alongside.
guides/systems/pve-combat-venues.html,91,Vulture,vulture,ship-dossier,ships/dossiers/vulture-combat.html,,0.78,yes,role=combat,"(Vulture),"
guides/systems/pve-combat-venues.html,91,Python Mk II,python mk ii,ship-dossier,ships/dossiers/python-mk-ii-combat.html,,0.78,yes,role=combat,"(Python Mk II),"
guides/systems/pve-combat-venues.html,91,Federal Corvette,federal corvette,ship-dossier,ships/dossiers/federal-corvette-combat.html,,0.85,yes,role=combat,(Federal Corvette) — the best combat hull of each class for the venue. Full picks and notes in the dossiers below.
guides/systems/pve-combat-venues.html,120,Kill Warrant Scanner,kill warrant scanner,module,engineering/modules.html,module-scanners,0.85,yes,ambig->module (default),Kill Warrant Scanner
guides/systems/pve-combat-venues.html,122,KWS,kws,module,engineering/modules.html,module-scanners,0.85,yes,module,", not the cash-in — roughly 1 merit per 1,000 CR of bounty. A Haz RES with a fast-scan KWS is a clean credits-plus-merit"
guides/systems/pve-combat-venues.html,127,focused,focused,blueprint,engineering/blueprints.html,blueprint-burst-laser-focused,0.55,no,blueprint ambiguous (log only),"Agile enough to cherry-pick the wanted target before security poaches the kill, and small enough to disengage instantly."
guides/systems/pve-combat-venues.html,128,Overcharged,overcharged,blueprint,engineering/blueprints.html,blueprint-power-plant-overcharged,0.5,no,blueprint generic (log only),Tanky enough to anchor a High or Hazardous RES and farm Anacondas indefinitely; G5 Overcharged plant plus corrosive mult
guides/systems/pve-combat-venues.html,138,FSD,fsd,blueprint-group,engineering/blueprints.html,blueprint-group-frame-shift-drive,0.85,yes,ambig->blueprint (context),"in big engineered ships (kill the FSD to stop them fleeing, or the powerplant for an instant pop), four-strong"
guides/systems/pve-combat-venues.html,141,Federal,federal,superpower,systems/superpower-rank.html,superpower-fed,0.85,yes,superpower +rank,Federal / Imperial rank
guides/systems/pve-combat-venues.html,141,Imperial,imperial,superpower,systems/superpower-rank.html,superpower-emp,0.85,yes,superpower +rank,Federal / Imperial rank
guides/systems/pve-combat-venues.html,183,Viper Mk IV,viper mk iv,ship-dossier,ships/dossiers/viper-mk-iv-combat.html,,0.78,yes,role=combat,"Right-sized: arrive, scan, pick off stragglers, leave. Its speed makes the thin traffic feel less idle. A cheaper small "
guides/systems/pve-combat-venues.html,245,Kill Warrant Scanner,kill warrant scanner,module,engineering/modules.html,module-scanners,0.85,yes,ambig->module (default),Clears the heaviest massacre spawns fastest; pair it with a Kill Warrant Scanner to multiply every voucher on the same k
guides/systems/superpower-rank.html,88,Corvette,corvette,ship-dossier,ships/dossiers/federal-corvette-multipurpose.html,,0.75,yes,role=multipurpose alias,Rank for Corvette / Cutter
guides/systems/superpower-rank.html,88,Cutter,cutter,ship-dossier,ships/dossiers/imperial-cutter-multipurpose.html,,0.75,yes,role=multipurpose alias,Rank for Corvette / Cutter
guides/systems/superpower-rank.html,122,Dropship,dropship,ship-dossier,ships/dossiers/federal-dropship-combat.html,,0.82,yes,role=combat alias,"A sprawling representative democracy centred on Sol, fond of bureaucracy and big combat ships. Its Federal Navy Auxiliar"
guides/systems/superpower-rank.html,122,Federal Corvette,federal corvette,ship-dossier,ships/dossiers/federal-corvette-combat.html,,0.85,yes,role=combat,"A sprawling representative democracy centred on Sol, fond of bureaucracy and big combat ships. Its Federal Navy Auxiliar"
guides/systems/superpower-rank.html,126,Federal Corvette,federal corvette,ship-dossier,ships/dossiers/federal-corvette-multipurpose.html,,0.78,yes,role=multipurpose,Federal Corvette (Rank 12)
guides/systems/superpower-rank.html,131,Imperial Cutter,imperial cutter,ship-dossier,ships/dossiers/imperial-cutter-multipurpose.html,,0.78,yes,role=multipurpose,"A rigid, slavery-tolerating aristocracy of Houses, centred on Achenar. Its Imperial Navy Auxiliary uses noble titles for"
guides/systems/superpower-rank.html,135,Imperial Cutter,imperial cutter,ship-dossier,ships/dossiers/imperial-cutter-multipurpose.html,,0.78,yes,role=multipurpose,Imperial Cutter (Rank 12)
guides/systems/superpower-rank.html,140,Chieftain,chieftain,ship-dossier,ships/dossiers/alliance-chieftain-combat.html,,0.75,yes,role=combat alias,"— so none of its ships or systems are locked behind a rank. Alliance ships are Lakon-built (Chieftain, Challenger, Crusa"
guides/systems/superpower-rank.html,140,Challenger,challenger,ship-dossier,ships/dossiers/alliance-challenger-combat.html,,0.75,yes,role=combat alias,"— so none of its ships or systems are locked behind a rank. Alliance ships are Lakon-built (Chieftain, Challenger, Crusa"
guides/systems/superpower-rank.html,140,Crusader,crusader,ship-dossier,ships/dossiers/alliance-crusader-combat.html,,0.75,yes,role=combat alias,"— so none of its ships or systems are locked behind a rank. Alliance ships are Lakon-built (Chieftain, Challenger, Crusa"
guides/systems/superpower-rank.html,154,Federal Dropship,federal dropship,ship-dossier,ships/dossiers/federal-dropship-combat.html,,0.78,yes,role=combat,The Federal Dropship/Assault Ship/Gunship/Corvette and the Imperial Courier/Clipper/Cutter can only be bought once you h
guides/systems/superpower-rank.html,154,Assault Ship,assault ship,ship-dossier,ships/dossiers/federal-assault-ship-combat.html,,0.75,yes,role=combat alias,The Federal Dropship/Assault Ship/Gunship/Corvette and the Imperial Courier/Clipper/Cutter can only be bought once you h
guides/systems/superpower-rank.html,154,Gunship,gunship,ship-dossier,ships/dossiers/federal-gunship-combat.html,,0.75,yes,role=combat alias,The Federal Dropship/Assault Ship/Gunship/Corvette and the Imperial Courier/Clipper/Cutter can only be bought once you h
guides/systems/superpower-rank.html,154,Corvette,corvette,ship-dossier,ships/dossiers/federal-corvette-multipurpose.html,,0.75,yes,role=multipurpose alias,The Federal Dropship/Assault Ship/Gunship/Corvette and the Imperial Courier/Clipper/Cutter can only be bought once you h
guides/systems/superpower-rank.html,154,Imperial Courier,imperial courier,ship-dossier,ships/dossiers/imperial-courier-multipurpose.html,,0.78,yes,role=multipurpose,The Federal Dropship/Assault Ship/Gunship/Corvette and the Imperial Courier/Clipper/Cutter can only be bought once you h
guides/systems/superpower-rank.html,154,Clipper,clipper,ship-dossier,ships/dossiers/imperial-clipper-multipurpose.html,,0.75,yes,role=multipurpose alias,The Federal Dropship/Assault Ship/Gunship/Corvette and the Imperial Courier/Clipper/Cutter can only be bought once you h
guides/systems/superpower-rank.html,154,Cutter,cutter,ship-dossier,ships/dossiers/imperial-cutter-multipurpose.html,,0.75,yes,role=multipurpose alias,The Federal Dropship/Assault Ship/Gunship/Corvette and the Imperial Courier/Clipper/Cutter can only be bought once you h
guides/systems/superpower-rank.html,170,Cutter,cutter,ship-dossier,ships/dossiers/imperial-cutter-multipurpose.html,,0.75,yes,role=multipurpose alias,"Once you reach a rank you keep it forever, even if you switch to grinding the other superpower. You can fully unlock the"
guides/systems/superpower-rank.html,170,Corvette,corvette,ship-dossier,ships/dossiers/federal-corvette-multipurpose.html,,0.75,yes,role=multipurpose alias,the Corvette on one account.
guides/systems/superpower-rank.html,192,Federal Dropship,federal dropship,ship-dossier,ships/dossiers/federal-dropship-combat.html,,0.78,yes,role=combat,Federal Dropship
guides/systems/superpower-rank.html,192,The Sarge,the sarge,engineer,engineering/engineers.html,engineer-the-sarge,0.9,yes,engineer,"(""The Sarge"") engineer invitation"
guides/systems/superpower-rank.html,194,Federal Assault Ship,federal assault ship,ship-dossier,ships/dossiers/federal-assault-ship-combat.html,,0.78,yes,role=combat,Federal Assault Ship
guides/systems/superpower-rank.html,196,Federal Gunship,federal gunship,ship-dossier,ships/dossiers/federal-gunship-combat.html,,0.78,yes,role=combat,Federal Gunship
guides/systems/superpower-rank.html,201,Federal Corvette,federal corvette,ship-dossier,ships/dossiers/federal-corvette-multipurpose.html,,0.78,yes,role=multipurpose,Federal Corvette
guides/systems/superpower-rank.html,209,Federal Corvette,federal corvette,ship-dossier,ships/dossiers/federal-corvette-combat.html,,0.85,yes,role=combat,"is the long haul for the Federal Corvette, the strongest pure-combat hull of the ""big three"". The Dropship, Assault Ship"
guides/systems/superpower-rank.html,209,Dropship,dropship,ship-dossier,ships/dossiers/federal-dropship-combat.html,,0.82,yes,role=combat alias,"is the long haul for the Federal Corvette, the strongest pure-combat hull of the ""big three"". The Dropship, Assault Ship"
guides/systems/superpower-rank.html,209,Assault Ship,assault ship,ship-dossier,ships/dossiers/federal-assault-ship-combat.html,,0.82,yes,role=combat alias,"is the long haul for the Federal Corvette, the strongest pure-combat hull of the ""big three"". The Dropship, Assault Ship"
guides/systems/superpower-rank.html,209,Gunship,gunship,ship-dossier,ships/dossiers/federal-gunship-combat.html,,0.82,yes,role=combat alias,"is the long haul for the Federal Corvette, the strongest pure-combat hull of the ""big three"". The Dropship, Assault Ship"
guides/systems/superpower-rank.html,223,Imperial Courier,imperial courier,ship-dossier,ships/dossiers/imperial-courier-multipurpose.html,,0.78,yes,role=multipurpose,Imperial Courier
guides/systems/superpower-rank.html,227,Imperial Clipper,imperial clipper,ship-dossier,ships/dossiers/imperial-clipper-multipurpose.html,,0.78,yes,role=multipurpose,Imperial Clipper
guides/systems/superpower-rank.html,232,Imperial Cutter,imperial cutter,ship-dossier,ships/dossiers/imperial-cutter-multipurpose.html,,0.78,yes,role=multipurpose,Imperial Cutter
guides/systems/superpower-rank.html,240,Hera Tani,hera tani,engineer,engineering/engineers.html,engineer-hera-tani,0.9,yes,engineer,unlocks the Hera Tani engineer invitation — cheap and worth grabbing early.
guides/systems/superpower-rank.html,240,Imperial Clipper,imperial clipper,ship-dossier,ships/dossiers/imperial-clipper-multipurpose.html,,0.78,yes,role=multipurpose,"opens the fast, pretty Imperial Clipper, and"
guides/systems/superpower-rank.html,240,Imperial Cutter,imperial cutter,ship-dossier,ships/dossiers/imperial-cutter-multipurpose.html,,0.78,yes,role=multipurpose,is the Imperial Cutter — the biggest-cargo single-pilot ship in the game. The Empire is also the
guides/systems/superpower-rank.html,248,Chieftain,chieftain,ship-dossier,ships/dossiers/alliance-chieftain-combat.html,,0.75,yes,role=combat alias,"The Chieftain, Challenger, Crusader and Type-10 Defender are Lakon hulls — any pilot can buy them with credits alone."
guides/systems/superpower-rank.html,248,Challenger,challenger,ship-dossier,ships/dossiers/alliance-challenger-combat.html,,0.75,yes,role=combat alias,"The Chieftain, Challenger, Crusader and Type-10 Defender are Lakon hulls — any pilot can buy them with credits alone."
guides/systems/superpower-rank.html,248,Crusader,crusader,ship-dossier,ships/dossiers/alliance-crusader-combat.html,,0.75,yes,role=combat alias,"The Chieftain, Challenger, Crusader and Type-10 Defender are Lakon hulls — any pilot can buy them with credits alone."
guides/systems/superpower-rank.html,248,Type-10 Defender,type-10 defender,ship-dossier,ships/dossiers/type-10-defender-combat.html,,0.78,yes,role=combat,"The Chieftain, Challenger, Crusader and Type-10 Defender are Lakon hulls — any pilot can buy them with credits alone."
guides/systems/superpower-rank.html,285,Corvette,corvette,ship-dossier,ships/dossiers/federal-corvette-multipurpose.html,,0.75,yes,role=multipurpose alias,for the Corvette.
guides/systems/superpower-rank.html,290,Cutter,cutter,ship-dossier,ships/dossiers/imperial-cutter-multipurpose.html,,0.75,yes,role=multipurpose alias,Generally higher REP per mission and cargo-biased — bring a big hold (a Cutter is ideal and tanks the NPC pirates). Catc
guides/systems/superpower-rank.html,299,Imperial Eagle,imperial eagle,ship-dossier,ships/dossiers/imperial-eagle-combat.html,,0.78,yes,role=combat,Imperial Eagle
guides/systems/superpower-rank.html,304,Hera Tani,hera tani,engineer,engineering/engineers.html,engineer-hera-tani,0.9,yes,engineer,= Hera Tani invitation ·
guides/systems/superpower-rank.html,304,Imperial Courier,imperial courier,ship-dossier,ships/dossiers/imperial-courier-multipurpose.html,,0.78,yes,role=multipurpose,= Imperial Courier ·
guides/systems/superpower-rank.html,304,Imperial Clipper,imperial clipper,ship-dossier,ships/dossiers/imperial-clipper-multipurpose.html,,0.78,yes,role=multipurpose,= Imperial Clipper ·
guides/systems/superpower-rank.html,304,Imperial Cutter,imperial cutter,ship-dossier,ships/dossiers/imperial-cutter-multipurpose.html,,0.78,yes,role=multipurpose,= Imperial Cutter.
guides/systems/superpower-rank.html,314,Bill Turner,bill turner,engineer,engineering/engineers.html,engineer-bill-turner,0.9,yes,engineer,"There is no rank to chase, so the Alliance ""grind"" is really just two reputation jobs. Do them only if you want Bill Tur"
guides/systems/superpower-rank.html,320,Bill Turner,bill turner,engineer,engineering/engineers.html,engineer-bill-turner,0.9,yes,engineer,Then unlock Bill Turner
guides/systems/superpower-rank.html,328,Python,python,ship-dossier,ships/dossiers/python-multipurpose.html,,0.78,yes,role=multipurpose,"— burning stations are volatile and hot. Type-7, Python and Anaconda are popular choices."
guides/systems/superpower-rank.html,328,Anaconda,anaconda,ship-dossier,ships/dossiers/anaconda-multipurpose.html,,0.78,yes,role=multipurpose,"— burning stations are volatile and hot. Type-7, Python and Anaconda are popular choices."
guides/systems/superpower-rank.html,329,heat sink,heat sink,module,engineering/modules.html,module-countermeasures,0.85,yes,module,heat sink
guides/systems/superpower-rank.html,330,efficient,efficient,blueprint,engineering/blueprints.html,blueprint-advanced-multi-cannon-efficient,0.55,no,blueprint ambiguous (log only),Take the efficient missions
guides/systems/superpower-rank.html,331,heat sink,heat sink,module,engineering/modules.html,module-countermeasures,0.85,yes,module,"Drop another heat sink on the way out, fly to the nearby rescue vessel, hand in, and return. Rinse and repeat — the rep "
guides/systems/superpower-rank.html,343,Cutter,cutter,ship-dossier,ships/dossiers/imperial-cutter-multipurpose.html,,0.75,yes,role=multipurpose alias,Federal and Imperial rank don't conflict; only reputation fluctuates. A popular path is Empire first (fastest) for a Cut
guides/systems/superpower-rank.html,343,Cutter,cutter,ship-dossier,ships/dossiers/imperial-cutter-multipurpose.html,,0.75,yes,role=multipurpose alias,that Cutter for the Corvette.
guides/systems/superpower-rank.html,343,Corvette,corvette,ship-dossier,ships/dossiers/federal-corvette-multipurpose.html,,0.75,yes,role=multipurpose alias,that Cutter for the Corvette.
guides/systems/superpower-rank.html,345,Dropship,dropship,ship-dossier,ships/dossiers/federal-dropship-combat.html,,0.75,yes,role=combat alias,"— they do not bypass the rank gate on the Dropship line, Courier, Clipper, Cutter or Corvette."
guides/systems/superpower-rank.html,345,Courier,courier,ship-dossier,ships/dossiers/imperial-courier-multipurpose.html,,0.75,yes,role=multipurpose alias,"— they do not bypass the rank gate on the Dropship line, Courier, Clipper, Cutter or Corvette."
guides/systems/superpower-rank.html,345,Clipper,clipper,ship-dossier,ships/dossiers/imperial-clipper-multipurpose.html,,0.75,yes,role=multipurpose alias,"— they do not bypass the rank gate on the Dropship line, Courier, Clipper, Cutter or Corvette."
guides/systems/superpower-rank.html,345,Cutter,cutter,ship-dossier,ships/dossiers/imperial-cutter-multipurpose.html,,0.75,yes,role=multipurpose alias,"— they do not bypass the rank gate on the Dropship line, Courier, Clipper, Cutter or Corvette."
guides/systems/superpower-rank.html,345,Corvette,corvette,ship-dossier,ships/dossiers/federal-corvette-multipurpose.html,,0.75,yes,role=multipurpose alias,"— they do not bypass the rank gate on the Dropship line, Courier, Clipper, Cutter or Corvette."
guides/systems/system-colonization.html,125,efficient,efficient,blueprint,engineering/blueprints.html,blueprint-advanced-multi-cannon-efficient,0.55,no,blueprint ambiguous (log only),"You enjoy trade, hauling and route optimisation. Colonisation is the biggest hauling sink in the game and rewards effici"
guides/systems/system-colonization.html,170,Refinery,refinery,module,engineering/modules.html,module-refinery,0.85,yes,ambig->module (default),"Each facility nudges the system toward an economy type (Extraction, Industrial, High-Tech, Agriculture, Military, Touris"
guides/systems/system-colonization.html,188,Federation,federation,superpower,systems/superpower-rank.html,superpower-fed,0.6,no,superpower (no rank ctx),". That faction is carried into your new system as its native, permanent controlling faction — and it sets your colony's "
guides/systems/system-colonization.html,188,Empire,empire,superpower,systems/superpower-rank.html,superpower-emp,0.6,no,superpower (no rank ctx),". That faction is carried into your new system as its native, permanent controlling faction — and it sets your colony's "
guides/systems/system-colonization.html,188,Alliance,alliance,superpower,systems/superpower-rank.html,superpower-all,0.6,no,superpower (no rank ctx),". That faction is carried into your new system as its native, permanent controlling faction — and it sets your colony's "
guides/systems/system-colonization.html,262,Refinery,refinery,module,engineering/modules.html,module-refinery,0.85,yes,ambig->module (default),"(Extraction, Industrial, High-Tech, Agriculture, Military, Tourism, Refinery, Contraband). Build mining facilities → the"
guides/systems/system-colonization.html,263,Refinery,refinery,module,engineering/modules.html,module-refinery,0.85,yes,ambig->module (default),"The body a port orbits or sits on contributes a base economy — e.g. a rocky body gives a Refinery lean, which (with the "
guides/systems/system-colonization.html,271,Refinery,refinery,module,engineering/modules.html,module-refinery,0.85,yes,ambig->module (default),Refinery
guides/systems/system-colonization.html,330,Refinery,refinery,module,engineering/modules.html,module-refinery,0.85,yes,ambig->module (default),Refinery Hub
guides/systems/system-colonization.html,330,Refinery,refinery,module,engineering/modules.html,module-refinery,0.85,yes,ambig->module (default),"Build 2–3 complementary economies to create real supply/demand. Refinery Hub: +5 Wealth, makes CMM."
guides/systems/system-colonization.html,349,Type-9 Heavy,type-9 heavy,ship-dossier,ships/dossiers/type-9-heavy-trading.html,,0.78,yes,role=trading,Type-9 Heavy
guides/systems/system-colonization.html,350,Imperial Cutter,imperial cutter,ship-dossier,ships/dossiers/imperial-cutter-multipurpose.html,,0.78,yes,role=multipurpose,Imperial Cutter
guides/systems/system-colonization.html,350,Imperial,imperial,superpower,systems/superpower-rank.html,superpower-emp,0.85,yes,superpower +rank,"is the gold-standard hauler if you hold the Imperial rank for one (huge cargo, fast shields); a Type-9 does the job with"
guides/systems/system-colonization.html,355,Refinery,refinery,module,engineering/modules.html,module-refinery,0.85,yes,ambig->module (default),". CMM Composite is the classic bottleneck — buy it wherever Refinery/Industrial economies sell it, and consider building"
guides/systems/system-colonization.html,360,FSD,fsd,module,engineering/modules.html,module-frame-shift-drive,0.85,yes,ambig->module (default),pop a heatsink while scooping to spool the FSD and cut multi-jump times.
guides/systems/system-colonization.html,385,Federal,federal,superpower,systems/superpower-rank.html,superpower-fed,0.6,no,superpower (no rank ctx),"A Federal founding faction makes the system Federal: Federal-flavoured missions, the option to push a Federal Power's in"
guides/systems/system-colonization.html,385,Federal,federal,superpower,systems/superpower-rank.html,superpower-fed,0.6,no,superpower (no rank ctx),"A Federal founding faction makes the system Federal: Federal-flavoured missions, the option to push a Federal Power's in"
guides/systems/system-colonization.html,385,Federal,federal,superpower,systems/superpower-rank.html,superpower-fed,0.6,no,superpower (no rank ctx),"A Federal founding faction makes the system Federal: Federal-flavoured missions, the option to push a Federal Power's in"
guides/systems/system-colonization.html,385,Federal,federal,superpower,systems/superpower-rank.html,superpower-fed,0.6,no,superpower (no rank ctx),"A Federal founding faction makes the system Federal: Federal-flavoured missions, the option to push a Federal Power's in"
guides/systems/system-colonization.html,385,Dropship,dropship,ship-dossier,ships/dossiers/federal-dropship-combat.html,,0.75,yes,role=combat alias,"A Federal founding faction makes the system Federal: Federal-flavoured missions, the option to push a Federal Power's in"
guides/systems/system-colonization.html,385,Assault Ship,assault ship,ship-dossier,ships/dossiers/federal-assault-ship-combat.html,,0.75,yes,role=combat alias,"A Federal founding faction makes the system Federal: Federal-flavoured missions, the option to push a Federal Power's in"
guides/systems/system-colonization.html,385,Gunship,gunship,ship-dossier,ships/dossiers/federal-gunship-combat.html,,0.75,yes,role=combat alias,"A Federal founding faction makes the system Federal: Federal-flavoured missions, the option to push a Federal Power's in"
guides/systems/system-colonization.html,385,Corvette,corvette,ship-dossier,ships/dossiers/federal-corvette-multipurpose.html,,0.75,yes,role=multipurpose alias,"A Federal founding faction makes the system Federal: Federal-flavoured missions, the option to push a Federal Power's in"
guides/systems/system-colonization.html,388,Imperial,imperial,superpower,systems/superpower-rank.html,superpower-emp,0.6,no,superpower (no rank ctx),"An Imperial founding faction makes the system Imperial: Imperial missions, the option to extend an Imperial Power, and t"
guides/systems/system-colonization.html,388,Imperial,imperial,superpower,systems/superpower-rank.html,superpower-emp,0.6,no,superpower (no rank ctx),"An Imperial founding faction makes the system Imperial: Imperial missions, the option to extend an Imperial Power, and t"
guides/systems/system-colonization.html,388,Imperial,imperial,superpower,systems/superpower-rank.html,superpower-emp,0.6,no,superpower (no rank ctx),"An Imperial founding faction makes the system Imperial: Imperial missions, the option to extend an Imperial Power, and t"
guides/systems/system-colonization.html,388,Imperial,imperial,superpower,systems/superpower-rank.html,superpower-emp,0.6,no,superpower (no rank ctx),"An Imperial founding faction makes the system Imperial: Imperial missions, the option to extend an Imperial Power, and t"
guides/systems/system-colonization.html,388,Imperial,imperial,superpower,systems/superpower-rank.html,superpower-emp,0.6,no,superpower (no rank ctx),"An Imperial founding faction makes the system Imperial: Imperial missions, the option to extend an Imperial Power, and t"
guides/systems/system-colonization.html,388,Courier,courier,ship-dossier,ships/dossiers/imperial-courier-multipurpose.html,,0.75,yes,role=multipurpose alias,"An Imperial founding faction makes the system Imperial: Imperial missions, the option to extend an Imperial Power, and t"
guides/systems/system-colonization.html,388,Clipper,clipper,ship-dossier,ships/dossiers/imperial-clipper-multipurpose.html,,0.75,yes,role=multipurpose alias,"An Imperial founding faction makes the system Imperial: Imperial missions, the option to extend an Imperial Power, and t"
guides/systems/system-colonization.html,388,Cutter,cutter,ship-dossier,ships/dossiers/imperial-cutter-multipurpose.html,,0.75,yes,role=multipurpose alias,"An Imperial founding faction makes the system Imperial: Imperial missions, the option to extend an Imperial Power, and t"
guides/systems/system-colonization.html,388,Federal,federal,superpower,systems/superpower-rank.html,superpower-fed,0.85,yes,superpower +rank,". The benefit mirrors the Federal case: a colony is a rank-grind engine you own, not a rank shortcut."
guides/systems/system-colonization.html,391,Alliance,alliance,superpower,systems/superpower-rank.html,superpower-all,0.6,no,superpower (no rank ctx),An Alliance founding faction makes the system Alliance-aligned. The Alliance runs
guides/systems/system-colonization.html,391,Alliance,alliance,superpower,systems/superpower-rank.html,superpower-all,0.6,no,superpower (no rank ctx),An Alliance founding faction makes the system Alliance-aligned. The Alliance runs
guides/systems/system-colonization.html,391,Alliance,alliance,superpower,systems/superpower-rank.html,superpower-all,0.85,yes,superpower +rank,", so there's no rank tailwind to chase — but Alliance ships need no rank either, so nothing is gated behind one. A colon"
guides/systems/system-colonization.html,391,Alliance,alliance,superpower,systems/superpower-rank.html,superpower-all,0.85,yes,superpower +rank,", so there's no rank tailwind to chase — but Alliance ships need no rank either, so nothing is gated behind one. A colon"
guides/systems/system-colonization.html,395,Federal,federal,superpower,systems/superpower-rank.html,superpower-fed,0.6,no,superpower (no rank ctx),"are separate systems. Your founding faction's allegiance makes the colony Federal, Imperial or Alliance for BGS and miss"
guides/systems/system-colonization.html,395,Imperial,imperial,superpower,systems/superpower-rank.html,superpower-emp,0.6,no,superpower (no rank ctx),"are separate systems. Your founding faction's allegiance makes the colony Federal, Imperial or Alliance for BGS and miss"
guides/systems/system-colonization.html,395,Alliance,alliance,superpower,systems/superpower-rank.html,superpower-all,0.6,no,superpower (no rank ctx),"are separate systems. Your founding faction's allegiance makes the colony Federal, Imperial or Alliance for BGS and miss"
guides/systems/system-colonization.html,422,Refinery,refinery,module,engineering/modules.html,module-refinery,0.85,yes,ambig->module (default),"chain for your focus (Military Hub for security/combat, Extraction Hub for mining, High-Tech or Refinery Hub for trade)."
guides/systems/system-colonization.html,424,Refinery,refinery,module,engineering/modules.html,module-refinery,0.85,yes,ambig->module (default),Layer Tourism + Refinery later.
guides/systems/system-colonization.html,425,Refinery,refinery,module,engineering/modules.html,module-refinery,0.85,yes,ambig->module (default),"Cash banked T3 points into an Ocellus, Orbis, or Dodec for the population/wealth/tech spike. By now your own Refinery ou"
guides/systems/system-colonization.html,456,Refinery,refinery,module,engineering/modules.html,module-refinery,0.85,yes,ambig->module (default),Plan banked: large surface settlements for points → your economy's Hub spine → a second economy → Tourism/Refinery later
guides/systems/third-party-apps.html,146,Plasma,plasma,module,engineering/modules.html,module-plasma,0.65,no,weapon-category adj (soft),". Curated guides on engineering unlocks, Guardian modules, shield mechanics, pre-engineered FSDs and material farming, p"
guides/systems/third-party-apps.html,146,focused,focused,blueprint,engineering/blueprints.html,blueprint-burst-laser-focused,0.55,no,blueprint ambiguous (log only),". Curated guides on engineering unlocks, Guardian modules, shield mechanics, pre-engineered FSDs and material farming, p"
guides/systems/third-party-apps.html,215,Fuel Scoop,fuel scoop,module,engineering/modules.html,module-fuel-scoop,0.85,yes,ambig->module (default),"""Where can I buy a 6A Fuel Scoop?"" / ""Which station has this hull?"" — the project's"
guides/systems/third-party-apps.html,404,FSD,fsd,module,engineering/modules.html,module-frame-shift-drive,0.85,yes,ambig->module (default),available via community goal rewards or Powerplay — these skip the FSD grind entirely on supported hulls.
guides/systems/third-party-apps.html,410,FSD,fsd,blueprint-group,engineering/blueprints.html,blueprint-group-frame-shift-drive,0.85,yes,ambig->blueprint (context),"Step-by-step unlock procedures for every Guardian module — beacon scan order, blueprint sites, material costs. Required "
guides/systems/third-party-apps.html,488,refinery,refinery,module,engineering/modules.html,module-refinery,0.85,yes,ambig->module (default),"Mining is one of the most data-heavy activities in the game — hotspot prices, ring composition, prospector limpet timing"
guides/systems/third-party-apps.html,620,focused,focused,blueprint,engineering/blueprints.html,blueprint-burst-laser-focused,0.55,no,blueprint ambiguous (log only),"Newer, simpler carrier auto-plotter focused on long carrier journeys. Lighter than CATS."
guides/systems/third-party-apps.html,659,Jerome Archer,jerome archer,powerplay,systems/powerplay.html,powerplay-jerome-archer,0.9,yes,power,"— select your task and Power, it gives full instructions. Finds nearby anarchy systems for illegal tasks; tracks Megashi"
guides/systems/third-party-apps.html,671,focused,focused,blueprint,engineering/blueprints.html,blueprint-burst-laser-focused,0.55,no,blueprint ambiguous (log only),Multi-tenant squadron intelligence portal focused on
guides/systems/third-party-apps.html,683,focused,focused,blueprint,engineering/blueprints.html,blueprint-burst-laser-focused,0.55,no,blueprint ambiguous (log only),Web companion app focused on commander statistics and a powerful
guides/systems/third-party-apps.html,695,focused,focused,blueprint,engineering/blueprints.html,blueprint-burst-laser-focused,0.55,no,blueprint ambiguous (log only),"Optimisation tool for combat exploration, colonisation, massacre missions, and mining — focused on stacking the right mi"
guides/systems/third-party-apps.html,905,Sidewinder,sidewinder,ship-dossier,ships/dossiers/sidewinder-mk-i-combat.html,,0.75,yes,role=combat alias,The Sidewinder insurance fallback's actual backup plan.
guides/systems/third-party-apps.html,911,Asp Explorer,asp explorer,ship-dossier,ships/dossiers/asp-explorer-multipurpose.html,,0.78,yes,role=multipurpose,"The repairs mirror of the Rats — hull repairs, broken canopy rescues, SRV strandings. The Asp Explorer's deep-space insu"
guides/systems/third-party-apps.html,956,plasma,plasma,module,engineering/modules.html,module-plasma,0.65,no,weapon-category adj (soft),"Restoration of CMDRs Toolbox — curated guides, exploration routes, ship builds, and useful tools (FC calculator, multi-w"
guides/systems/third-party-apps.html,1031,Sidewinder Mk I,sidewinder mk i,ship-dossier,ships/dossiers/sidewinder-mk-i-combat.html,,0.78,yes,role=combat,Insurance / Sidewinder Mk I
guides/systems/third-party-apps.html,1035,Asp Explorer,asp explorer,ship-dossier,ships/dossiers/asp-explorer-multipurpose.html,,0.78,yes,role=multipurpose,Explorer / Asp Explorer · Mandalay
guides/systems/third-party-apps.html,1035,Mandalay,mandalay,ship-dossier,ships/dossiers/mandalay-multipurpose.html,,0.78,yes,role=multipurpose,Explorer / Asp Explorer · Mandalay
guides/systems/third-party-apps.html,1039,Lynx Highliner,lynx highliner,ship-dossier,ships/dossiers/lynx-highliner-passenger.html,,0.85,yes,role=passenger,Passenger ferry / Lynx Highliner
guides/systems/third-party-apps.html,1043,Viper Mk IV,viper mk iv,ship-dossier,ships/dossiers/viper-mk-iv-combat.html,,0.85,yes,role=combat,PvE Combat / Viper Mk IV · Python Mk II
guides/systems/third-party-apps.html,1043,Python Mk II,python mk ii,ship-dossier,ships/dossiers/python-mk-ii-combat.html,,0.85,yes,role=combat,PvE Combat / Viper Mk IV · Python Mk II
guides/systems/third-party-apps.html,1051,Type-11 Prospector,type-11 prospector,ship-dossier,ships/dossiers/type-11-prospector-mining.html,,0.85,yes,role=mining,Mining / Type-11 Prospector
guides/systems/third-party-apps.html,1055,Jerome Archer,jerome archer,powerplay,systems/powerplay.html,powerplay-jerome-archer,0.9,yes,power,Powerplay 2.0 grind (Jerome Archer pledge)
